Image Path,Wind Speed,Event,Mask Path
/home/vikas/Documents/Final_Dance/TRAIN/SPEED_WISE/82/fuv/fuv_200.jpg,82,fuv,/home/vikas/Documents/Final_Dance/TRAIN/SPEED_WISE/82/fuv/fuv_200_mask.jpg
/home/vikas/Documents/Final_Dance/TRAIN/SPEED_WISE/92/ykj/ykj_106.jpg,92,ykj,/home/vikas/Documents/Final_Dance/TRAIN/SPEED_WISE/92/ykj/ykj_106_mask.jpg
/home/vikas/Documents/Final_Dance/TRAIN/SPEED_WISE/57/wap/wap_173.jpg,57,wap,/home/vikas/Documents/Final_Dance/TRAIN/SPEED_WISE/57/wap/wap_173_mask.jpg
/home/vikas/Documents/Final_Dance/TRAIN/SPEED_WISE/148/xgr/xgr_008.jpg,148,xgr,/home/vikas/Documents/Final_Dance/TRAIN/SPEED_WISE/148/xgr/xgr_008_mask.jpg
/home/vikas/Documents/Final_Dance/TRAIN/SPEED_WISE/39/oey/oey_074.jpg,39,oey,/home/vikas/Documents/Final_Dance/TRAIN/SPEED_WISE/39/oey/oey_074_mask.jpg
/home/vikas/Documents/Final_Dance/TRAIN/SPEED_WISE/141/ike/ike_101.jpg,141,ike,/home/vikas/Documents/Final_Dance/TRAIN/SPEED_WISE/141/ike/ike_101_mask.jpg
/home/vikas/Documents/Final_Dance/TRAIN/SPEED_WISE/51/zyp/zyp_041.jpg,51,zyp,/home/vikas/Documents/Final_Dance/TRAIN/SPEED_WISE/51/zyp/zyp_041_mask.jpg
/home/vikas/Documents/Final_Dance/TRAIN/SPEED_WISE/138/fzw/fzw_015.jpg,138,fzw,/home/vikas/Documents/Final_Dance/TRAIN/SPEED_WISE/138/fzw/fzw_015_mask.jpg
/home/vikas/Documents/Final_Dance/TRAIN/SPEED_WISE/117/snk/snk_038.jpg,117,snk,/home/vikas/Documents/Final_Dance/TRAIN/SPEED_WISE/117/snk/snk_038_mask.jpg
/home/vikas/Documents/Final_Dance/TRAIN/SPEED_WISE/175/bcf/bcf_027.jpg,175,bcf,/home/vikas/Documents/Final_Dance/TRAIN/SPEED_WISE/175/bcf/bcf_027_mask.jpg
/home/vikas/Documents/Final_Dance/TRAIN/SPEED_WISE/133/eck/eck_133.jpg,133,eck,/home/vikas/Documents/Final_Dance/TRAIN/SPEED_WISE/133/eck/eck_133_mask.jpg
/home/vikas/Documents/Final_Dance/TRAIN/SPEED_WISE/153/xgr/xgr_015.jpg,153,xgr,/home/vikas/Documents/Final_Dance/TRAIN/SPEED_WISE/153/xgr/xgr_015_mask.jpg
/home/vikas/Documents/Final_Dance/TRAIN/SPEED_WISE/61/blq/blq_238.jpg,61,blq,/home/vikas/Documents/Final_Dance/TRAIN/SPEED_WISE/61/blq/blq_238_mask.jpg
/home/vikas/Documents/Final_Dance/TRAIN/SPEED_WISE/76/psz/psz_348.jpg,76,psz,/home/vikas/Documents/Final_Dance/TRAIN/SPEED_WISE/76/psz/psz_348_mask.jpg
/home/vikas/Documents/Final_Dance/TRAIN/SPEED_WISE/79/pvj/pvj_184.jpg,79,pvj,/home/vikas/Documents/Final_Dance/TRAIN/SPEED_WISE/79/pvj/pvj_184_mask.jpg
/home/vikas/Documents/Final_Dance/TRAIN/SPEED_WISE/101/ipa/ipa_091.jpg,101,ipa,/home/vikas/Documents/Final_Dance/TRAIN/SPEED_WISE/101/ipa/ipa_091_mask.jpg
/home/vikas/Documents/Final_Dance/TRAIN/SPEED_WISE/93/frv/frv_063.jpg,93,frv,/home/vikas/Documents/Final_Dance/TRAIN/SPEED_WISE/93/frv/frv_063_mask.jpg
/home/vikas/Documents/Final_Dance/TRAIN/SPEED_WISE/46/crw/crw_064.jpg,46,crw,/home/vikas/Documents/Final_Dance/TRAIN/SPEED_WISE/46/crw/crw_064_mask.jpg
/home/vikas/Documents/Final_Dance/TRAIN/SPEED_WISE/100/dce/dce_280.jpg,100,dce,/home/vikas/Documents/Final_Dance/TRAIN/SPEED_WISE/100/dce/dce_280_mask.jpg
/home/vikas/Documents/Final_Dance/TRAIN/SPEED_WISE/22/djb/djb_312.jpg,22,djb,/home/vikas/Documents/Final_Dance/TRAIN/SPEED_WISE/22/djb/djb_312_mask.jpg
/home/vikas/Documents/Final_Dance/TRAIN/SPEED_WISE/42/hcg/hcg_010.jpg,42,hcg,/home/vikas/Documents/Final_Dance/TRAIN/SPEED_WISE/42/hcg/hcg_010_mask.jpg
/home/vikas/Documents/Final_Dance/TRAIN/SPEED_WISE/44/iag/iag_023.jpg,44,iag,/home/vikas/Documents/Final_Dance/TRAIN/SPEED_WISE/44/iag/iag_023_mask.jpg
/home/vikas/Documents/Final_Dance/TRAIN/SPEED_WISE/129/pcq/pcq_025.jpg,129,pcq,/home/vikas/Documents/Final_Dance/TRAIN/SPEED_WISE/129/pcq/pcq_025_mask.jpg
/home/vikas/Documents/Final_Dance/TRAIN/SPEED_WISE/126/frv/frv_090.jpg,126,frv,/home/vikas/Documents/Final_Dance/TRAIN/SPEED_WISE/126/frv/frv_090_mask.jpg
/home/vikas/Documents/Final_Dance/TRAIN/SPEED_WISE/35/rbe/rbe_009.jpg,35,rbe,/home/vikas/Documents/Final_Dance/TRAIN/SPEED_WISE/35/rbe/rbe_009_mask.jpg
/home/vikas/Documents/Final_Dance/TRAIN/SPEED_WISE/102/zvv/zvv_118.jpg,102,zvv,/home/vikas/Documents/Final_Dance/TRAIN/SPEED_WISE/102/zvv/zvv_118_mask.jpg
/home/vikas/Documents/Final_Dance/TRAIN/SPEED_WISE/103/sdt/sdt_076.jpg,103,sdt,/home/vikas/Documents/Final_Dance/TRAIN/SPEED_WISE/103/sdt/sdt_076_mask.jpg
/home/vikas/Documents/Final_Dance/TRAIN/SPEED_WISE/150/psz/psz_141.jpg,150,psz,/home/vikas/Documents/Final_Dance/TRAIN/SPEED_WISE/150/psz/psz_141_mask.jpg
/home/vikas/Documents/Final_Dance/TRAIN/SPEED_WISE/29/kqu/kqu_400.jpg,29,kqu,/home/vikas/Documents/Final_Dance/TRAIN/SPEED_WISE/29/kqu/kqu_400_mask.jpg
/home/vikas/Documents/Final_Dance/TRAIN/SPEED_WISE/24/fcr/fcr_620.jpg,24,fcr,/home/vikas/Documents/Final_Dance/TRAIN/SPEED_WISE/24/fcr/fcr_620_mask.jpg
/home/vikas/Documents/Final_Dance/TRAIN/SPEED_WISE/121/eck/eck_168.jpg,121,eck,/home/vikas/Documents/Final_Dance/TRAIN/SPEED_WISE/121/eck/eck_168_mask.jpg
/home/vikas/Documents/Final_Dance/TRAIN/SPEED_WISE/130/fmv/fmv_058.jpg,130,fmv,/home/vikas/Documents/Final_Dance/TRAIN/SPEED_WISE/130/fmv/fmv_058_mask.jpg
/home/vikas/Documents/Final_Dance/TRAIN/SPEED_WISE/87/dvh/dvh_086.jpg,87,dvh,/home/vikas/Documents/Final_Dance/TRAIN/SPEED_WISE/87/dvh/dvh_086_mask.jpg
/home/vikas/Documents/Final_Dance/TRAIN/SPEED_WISE/84/hcg/hcg_060.jpg,84,hcg,/home/vikas/Documents/Final_Dance/TRAIN/SPEED_WISE/84/hcg/hcg_060_mask.jpg
/home/vikas/Documents/Final_Dance/TRAIN/SPEED_WISE/68/xhj/xhj_072.jpg,68,xhj,/home/vikas/Documents/Final_Dance/TRAIN/SPEED_WISE/68/xhj/xhj_072_mask.jpg
/home/vikas/Documents/Final_Dance/TRAIN/SPEED_WISE/105/cki/cki_044.jpg,105,cki,/home/vikas/Documents/Final_Dance/TRAIN/SPEED_WISE/105/cki/cki_044_mask.jpg
/home/vikas/Documents/Final_Dance/TRAIN/SPEED_WISE/104/soo/soo_160.jpg,104,soo,/home/vikas/Documents/Final_Dance/TRAIN/SPEED_WISE/104/soo/soo_160_mask.jpg
/home/vikas/Documents/Final_Dance/TRAIN/SPEED_WISE/56/wbb/wbb_164.jpg,56,wbb,/home/vikas/Documents/Final_Dance/TRAIN/SPEED_WISE/56/wbb/wbb_164_mask.jpg
/home/vikas/Documents/Final_Dance/TRAIN/SPEED_WISE/124/pcq/pcq_055.jpg,124,pcq,/home/vikas/Documents/Final_Dance/TRAIN/SPEED_WISE/124/pcq/pcq_055_mask.jpg
/home/vikas/Documents/Final_Dance/TRAIN/SPEED_WISE/114/ijc/ijc_101.jpg,114,ijc,/home/vikas/Documents/Final_Dance/TRAIN/SPEED_WISE/114/ijc/ijc_101_mask.jpg
/home/vikas/Documents/Final_Dance/TRAIN/SPEED_WISE/78/ymo/ymo_073.jpg,78,ymo,/home/vikas/Documents/Final_Dance/TRAIN/SPEED_WISE/78/ymo/ymo_073_mask.jpg
/home/vikas/Documents/Final_Dance/TRAIN/SPEED_WISE/109/kqu/kqu_188.jpg,109,kqu,/home/vikas/Documents/Final_Dance/TRAIN/SPEED_WISE/109/kqu/kqu_188_mask.jpg
/home/vikas/Documents/Final_Dance/TRAIN/SPEED_WISE/16/xkr/xkr_173.jpg,16,xkr,/home/vikas/Documents/Final_Dance/TRAIN/SPEED_WISE/16/xkr/xkr_173_mask.jpg
/home/vikas/Documents/Final_Dance/TRAIN/SPEED_WISE/90/fcr/fcr_279.jpg,90,fcr,/home/vikas/Documents/Final_Dance/TRAIN/SPEED_WISE/90/fcr/fcr_279_mask.jpg
/home/vikas/Documents/Final_Dance/TRAIN/SPEED_WISE/81/qki/qki_141.jpg,81,qki,/home/vikas/Documents/Final_Dance/TRAIN/SPEED_WISE/81/qki/qki_141_mask.jpg
/home/vikas/Documents/Final_Dance/TRAIN/SPEED_WISE/183/bcf/bcf_034.jpg,183,bcf,/home/vikas/Documents/Final_Dance/TRAIN/SPEED_WISE/183/bcf/bcf_034_mask.jpg
/home/vikas/Documents/Final_Dance/TRAIN/SPEED_WISE/125/fmv/fmv_033.jpg,125,fmv,/home/vikas/Documents/Final_Dance/TRAIN/SPEED_WISE/125/fmv/fmv_033_mask.jpg
/home/vikas/Documents/Final_Dance/TRAIN/SPEED_WISE/38/eze/eze_012.jpg,38,eze,/home/vikas/Documents/Final_Dance/TRAIN/SPEED_WISE/38/eze/eze_012_mask.jpg
/home/vikas/Documents/Final_Dance/TRAIN/SPEED_WISE/107/zvv/zvv_046.jpg,107,zvv,/home/vikas/Documents/Final_Dance/TRAIN/SPEED_WISE/107/zvv/zvv_046_mask.jpg
/home/vikas/Documents/Final_Dance/TRAIN/SPEED_WISE/181/bcf/bcf_046.jpg,181,bcf,/home/vikas/Documents/Final_Dance/TRAIN/SPEED_WISE/181/bcf/bcf_046_mask.jpg
/home/vikas/Documents/Final_Dance/TRAIN/SPEED_WISE/17/vxf/vxf_395.jpg,17,vxf,/home/vikas/Documents/Final_Dance/TRAIN/SPEED_WISE/17/vxf/vxf_395_mask.jpg
/home/vikas/Documents/Final_Dance/TRAIN/SPEED_WISE/160/bcf/bcf_022.jpg,160,bcf,/home/vikas/Documents/Final_Dance/TRAIN/SPEED_WISE/160/bcf/bcf_022_mask.jpg
/home/vikas/Documents/Final_Dance/TRAIN/SPEED_WISE/21/fna/fna_042.jpg,21,fna,/home/vikas/Documents/Final_Dance/TRAIN/SPEED_WISE/21/fna/fna_042_mask.jpg
/home/vikas/Documents/Final_Dance/TRAIN/SPEED_WISE/184/bcf/bcf_037.jpg,184,bcf,/home/vikas/Documents/Final_Dance/TRAIN/SPEED_WISE/184/bcf/bcf_037_mask.jpg
/home/vikas/Documents/Final_Dance/TRAIN/SPEED_WISE/77/sxb/sxb_160.jpg,77,sxb,/home/vikas/Documents/Final_Dance/TRAIN/SPEED_WISE/77/sxb/sxb_160_mask.jpg
/home/vikas/Documents/Final_Dance/TRAIN/SPEED_WISE/112/woz/woz_050.jpg,112,woz,/home/vikas/Documents/Final_Dance/TRAIN/SPEED_WISE/112/woz/woz_050_mask.jpg
/home/vikas/Documents/Final_Dance/TRAIN/SPEED_WISE/128/gux/gux_178.jpg,128,gux,/home/vikas/Documents/Final_Dance/TRAIN/SPEED_WISE/128/gux/gux_178_mask.jpg
/home/vikas/Documents/Final_Dance/TRAIN/SPEED_WISE/118/tmv/tmv_134.jpg,118,tmv,/home/vikas/Documents/Final_Dance/TRAIN/SPEED_WISE/118/tmv/tmv_134_mask.jpg
/home/vikas/Documents/Final_Dance/TRAIN/SPEED_WISE/134/woz/woz_028.jpg,134,woz,/home/vikas/Documents/Final_Dance/TRAIN/SPEED_WISE/134/woz/woz_028_mask.jpg
/home/vikas/Documents/Final_Dance/TRAIN/SPEED_WISE/97/ojw/ojw_126.jpg,97,ojw,/home/vikas/Documents/Final_Dance/TRAIN/SPEED_WISE/97/ojw/ojw_126_mask.jpg
/home/vikas/Documents/Final_Dance/TRAIN/SPEED_WISE/74/sdt/sdt_043.jpg,74,sdt,/home/vikas/Documents/Final_Dance/TRAIN/SPEED_WISE/74/sdt/sdt_043_mask.jpg
/home/vikas/Documents/Final_Dance/TRAIN/SPEED_WISE/20/dxx/dxx_064.jpg,20,dxx,/home/vikas/Documents/Final_Dance/TRAIN/SPEED_WISE/20/dxx/dxx_064_mask.jpg
/home/vikas/Documents/Final_Dance/TRAIN/SPEED_WISE/49/cki/cki_129.jpg,49,cki,/home/vikas/Documents/Final_Dance/TRAIN/SPEED_WISE/49/cki/cki_129_mask.jpg
/home/vikas/Documents/Final_Dance/TRAIN/SPEED_WISE/144/psz/psz_127.jpg,144,psz,/home/vikas/Documents/Final_Dance/TRAIN/SPEED_WISE/144/psz/psz_127_mask.jpg
/home/vikas/Documents/Final_Dance/TRAIN/SPEED_WISE/147/psz/psz_146.jpg,147,psz,/home/vikas/Documents/Final_Dance/TRAIN/SPEED_WISE/147/psz/psz_146_mask.jpg
/home/vikas/Documents/Final_Dance/TRAIN/SPEED_WISE/15/eqf/eqf_240.jpg,15,eqf,/home/vikas/Documents/Final_Dance/TRAIN/SPEED_WISE/15/eqf/eqf_240_mask.jpg
/home/vikas/Documents/Final_Dance/TRAIN/SPEED_WISE/85/bkf/bkf_091.jpg,85,bkf,/home/vikas/Documents/Final_Dance/TRAIN/SPEED_WISE/85/bkf/bkf_091_mask.jpg
/home/vikas/Documents/Final_Dance/TRAIN/SPEED_WISE/72/hrw/hrw_206.jpg,72,hrw,/home/vikas/Documents/Final_Dance/TRAIN/SPEED_WISE/72/hrw/hrw_206_mask.jpg
/home/vikas/Documents/Final_Dance/TRAIN/SPEED_WISE/111/owg/owg_007.jpg,111,owg,/home/vikas/Documents/Final_Dance/TRAIN/SPEED_WISE/111/owg/owg_007_mask.jpg
/home/vikas/Documents/Final_Dance/TRAIN/SPEED_WISE/60/ggv/ggv_311.jpg,60,ggv,/home/vikas/Documents/Final_Dance/TRAIN/SPEED_WISE/60/ggv/ggv_311_mask.jpg
/home/vikas/Documents/Final_Dance/TRAIN/SPEED_WISE/69/iag/iag_248.jpg,69,iag,/home/vikas/Documents/Final_Dance/TRAIN/SPEED_WISE/69/iag/iag_248_mask.jpg
/home/vikas/Documents/Final_Dance/TRAIN/SPEED_WISE/40/llj/llj_008.jpg,40,llj,/home/vikas/Documents/Final_Dance/TRAIN/SPEED_WISE/40/llj/llj_008_mask.jpg
/home/vikas/Documents/Final_Dance/TRAIN/SPEED_WISE/96/utl/utl_139.jpg,96,utl,/home/vikas/Documents/Final_Dance/TRAIN/SPEED_WISE/96/utl/utl_139_mask.jpg
/home/vikas/Documents/Final_Dance/TRAIN/SPEED_WISE/63/mju/mju_000.jpg,63,mju,/home/vikas/Documents/Final_Dance/TRAIN/SPEED_WISE/63/mju/mju_000_mask.jpg
/home/vikas/Documents/Final_Dance/TRAIN/SPEED_WISE/149/tmv/tmv_100.jpg,149,tmv,/home/vikas/Documents/Final_Dance/TRAIN/SPEED_WISE/149/tmv/tmv_100_mask.jpg
/home/vikas/Documents/Final_Dance/TRAIN/SPEED_WISE/67/zkg/zkg_081.jpg,67,zkg,/home/vikas/Documents/Final_Dance/TRAIN/SPEED_WISE/67/zkg/zkg_081_mask.jpg
/home/vikas/Documents/Final_Dance/TRAIN/SPEED_WISE/119/tmv/tmv_133.jpg,119,tmv,/home/vikas/Documents/Final_Dance/TRAIN/SPEED_WISE/119/tmv/tmv_133_mask.jpg
/home/vikas/Documents/Final_Dance/TRAIN/SPEED_WISE/170/bcf/bcf_025.jpg,170,bcf,/home/vikas/Documents/Final_Dance/TRAIN/SPEED_WISE/170/bcf/bcf_025_mask.jpg
/home/vikas/Documents/Final_Dance/TRAIN/SPEED_WISE/83/fuv/fuv_199.jpg,83,fuv,/home/vikas/Documents/Final_Dance/TRAIN/SPEED_WISE/83/fuv/fuv_199_mask.jpg
/home/vikas/Documents/Final_Dance/TRAIN/SPEED_WISE/53/ojw/ojw_169.jpg,53,ojw,/home/vikas/Documents/Final_Dance/TRAIN/SPEED_WISE/53/ojw/ojw_169_mask.jpg
/home/vikas/Documents/Final_Dance/TRAIN/SPEED_WISE/122/gux/gux_208.jpg,122,gux,/home/vikas/Documents/Final_Dance/TRAIN/SPEED_WISE/122/gux/gux_208_mask.jpg
/home/vikas/Documents/Final_Dance/TRAIN/SPEED_WISE/41/rhy/rhy_113.jpg,41,rhy,/home/vikas/Documents/Final_Dance/TRAIN/SPEED_WISE/41/rhy/rhy_113_mask.jpg
/home/vikas/Documents/Final_Dance/TRAIN/SPEED_WISE/88/hsq/hsq_080.jpg,88,hsq,/home/vikas/Documents/Final_Dance/TRAIN/SPEED_WISE/88/hsq/hsq_080_mask.jpg
/home/vikas/Documents/Final_Dance/TRAIN/SPEED_WISE/110/meg/meg_110.jpg,110,meg,/home/vikas/Documents/Final_Dance/TRAIN/SPEED_WISE/110/meg/meg_110_mask.jpg
/home/vikas/Documents/Final_Dance/TRAIN/SPEED_WISE/47/dxx/dxx_016.jpg,47,dxx,/home/vikas/Documents/Final_Dance/TRAIN/SPEED_WISE/47/dxx/dxx_016_mask.jpg
/home/vikas/Documents/Final_Dance/TRAIN/SPEED_WISE/80/jvx/jvx_093.jpg,80,jvx,/home/vikas/Documents/Final_Dance/TRAIN/SPEED_WISE/80/jvx/jvx_093_mask.jpg
/home/vikas/Documents/Final_Dance/TRAIN/SPEED_WISE/55/cki/cki_114.jpg,55,cki,/home/vikas/Documents/Final_Dance/TRAIN/SPEED_WISE/55/cki/cki_114_mask.jpg
/home/vikas/Documents/Final_Dance/TRAIN/SPEED_WISE/26/wbb/wbb_214.jpg,26,wbb,/home/vikas/Documents/Final_Dance/TRAIN/SPEED_WISE/26/wbb/wbb_214_mask.jpg
/home/vikas/Documents/Final_Dance/TRAIN/SPEED_WISE/115/frv/frv_078.jpg,115,frv,/home/vikas/Documents/Final_Dance/TRAIN/SPEED_WISE/115/frv/frv_078_mask.jpg
/home/vikas/Documents/Final_Dance/TRAIN/SPEED_WISE/89/grt/grt_087.jpg,89,grt,/home/vikas/Documents/Final_Dance/TRAIN/SPEED_WISE/89/grt/grt_087_mask.jpg
/home/vikas/Documents/Final_Dance/TRAIN/SPEED_WISE/66/dgz/dgz_099.jpg,66,dgz,/home/vikas/Documents/Final_Dance/TRAIN/SPEED_WISE/66/dgz/dgz_099_mask.jpg
/home/vikas/Documents/Final_Dance/TRAIN/SPEED_WISE/140/efl/efl_114.jpg,140,efl,/home/vikas/Documents/Final_Dance/TRAIN/SPEED_WISE/140/efl/efl_114_mask.jpg
/home/vikas/Documents/Final_Dance/TRAIN/SPEED_WISE/180/bcf/bcf_048.jpg,180,bcf,/home/vikas/Documents/Final_Dance/TRAIN/SPEED_WISE/180/bcf/bcf_048_mask.jpg
/home/vikas/Documents/Final_Dance/TRAIN/SPEED_WISE/95/azm/azm_132.jpg,95,azm,/home/vikas/Documents/Final_Dance/TRAIN/SPEED_WISE/95/azm/azm_132_mask.jpg
/home/vikas/Documents/Final_Dance/TRAIN/SPEED_WISE/54/ffk/ffk_097.jpg,54,ffk,/home/vikas/Documents/Final_Dance/TRAIN/SPEED_WISE/54/ffk/ffk_097_mask.jpg
/home/vikas/Documents/Final_Dance/TRAIN/SPEED_WISE/152/tmv/tmv_104.jpg,152,tmv,/home/vikas/Documents/Final_Dance/TRAIN/SPEED_WISE/152/tmv/tmv_104_mask.jpg
/home/vikas/Documents/Final_Dance/TRAIN/SPEED_WISE/86/ike/ike_062.jpg,86,ike,/home/vikas/Documents/Final_Dance/TRAIN/SPEED_WISE/86/ike/ike_062_mask.jpg
/home/vikas/Documents/Final_Dance/TRAIN/SPEED_WISE/31/whm/whm_011.jpg,31,whm,/home/vikas/Documents/Final_Dance/TRAIN/SPEED_WISE/31/whm/whm_011_mask.jpg
/home/vikas/Documents/Final_Dance/TRAIN/SPEED_WISE/182/bcf/bcf_032.jpg,182,bcf,/home/vikas/Documents/Final_Dance/TRAIN/SPEED_WISE/182/bcf/bcf_032_mask.jpg
/home/vikas/Documents/Final_Dance/TRAIN/SPEED_WISE/19/eqf/eqf_202.jpg,19,eqf,/home/vikas/Documents/Final_Dance/TRAIN/SPEED_WISE/19/eqf/eqf_202_mask.jpg
/home/vikas/Documents/Final_Dance/TRAIN/SPEED_WISE/33/fhl/fhl_024.jpg,33,fhl,/home/vikas/Documents/Final_Dance/TRAIN/SPEED_WISE/33/fhl/fhl_024_mask.jpg
/home/vikas/Documents/Final_Dance/TRAIN/SPEED_WISE/45/bcy/bcy_020.jpg,45,bcy,/home/vikas/Documents/Final_Dance/TRAIN/SPEED_WISE/45/bcy/bcy_020_mask.jpg
/home/vikas/Documents/Final_Dance/TRAIN/SPEED_WISE/70/jht/jht_044.jpg,70,jht,/home/vikas/Documents/Final_Dance/TRAIN/SPEED_WISE/70/jht/jht_044_mask.jpg
/home/vikas/Documents/Final_Dance/TRAIN/SPEED_WISE/142/ike/ike_100.jpg,142,ike,/home/vikas/Documents/Final_Dance/TRAIN/SPEED_WISE/142/ike/ike_100_mask.jpg
/home/vikas/Documents/Final_Dance/TRAIN/SPEED_WISE/71/utl/utl_169.jpg,71,utl,/home/vikas/Documents/Final_Dance/TRAIN/SPEED_WISE/71/utl/utl_169_mask.jpg
/home/vikas/Documents/Final_Dance/TRAIN/SPEED_WISE/65/dkb/dkb_009.jpg,65,dkb,/home/vikas/Documents/Final_Dance/TRAIN/SPEED_WISE/65/dkb/dkb_009_mask.jpg
/home/vikas/Documents/Final_Dance/TRAIN/SPEED_WISE/91/erx/erx_142.jpg,91,erx,/home/vikas/Documents/Final_Dance/TRAIN/SPEED_WISE/91/erx/erx_142_mask.jpg
/home/vikas/Documents/Final_Dance/TRAIN/SPEED_WISE/59/mfm/mfm_066.jpg,59,mfm,/home/vikas/Documents/Final_Dance/TRAIN/SPEED_WISE/59/mfm/mfm_066_mask.jpg
/home/vikas/Documents/Final_Dance/TRAIN/SPEED_WISE/143/tmv/tmv_108.jpg,143,tmv,/home/vikas/Documents/Final_Dance/TRAIN/SPEED_WISE/143/tmv/tmv_108_mask.jpg
/home/vikas/Documents/Final_Dance/TRAIN/SPEED_WISE/62/sse/sse_067.jpg,62,sse,/home/vikas/Documents/Final_Dance/TRAIN/SPEED_WISE/62/sse/sse_067_mask.jpg
/home/vikas/Documents/Final_Dance/TRAIN/SPEED_WISE/50/ota/ota_030.jpg,50,ota,/home/vikas/Documents/Final_Dance/TRAIN/SPEED_WISE/50/ota/ota_030_mask.jpg
/home/vikas/Documents/Final_Dance/TRAIN/SPEED_WISE/178/bcf/bcf_028.jpg,178,bcf,/home/vikas/Documents/Final_Dance/TRAIN/SPEED_WISE/178/bcf/bcf_028_mask.jpg
/home/vikas/Documents/Final_Dance/TRAIN/SPEED_WISE/146/psz/psz_131.jpg,146,psz,/home/vikas/Documents/Final_Dance/TRAIN/SPEED_WISE/146/psz/psz_131_mask.jpg
/home/vikas/Documents/Final_Dance/TRAIN/SPEED_WISE/28/nhe/nhe_009.jpg,28,nhe,/home/vikas/Documents/Final_Dance/TRAIN/SPEED_WISE/28/nhe/nhe_009_mask.jpg
/home/vikas/Documents/Final_Dance/TRAIN/SPEED_WISE/165/bcf/bcf_051.jpg,165,bcf,/home/vikas/Documents/Final_Dance/TRAIN/SPEED_WISE/165/bcf/bcf_051_mask.jpg
/home/vikas/Documents/Final_Dance/TRAIN/SPEED_WISE/158/bcf/bcf_021.jpg,158,bcf,/home/vikas/Documents/Final_Dance/TRAIN/SPEED_WISE/158/bcf/bcf_021_mask.jpg
/home/vikas/Documents/Final_Dance/TRAIN/SPEED_WISE/48/dxx/dxx_017.jpg,48,dxx,/home/vikas/Documents/Final_Dance/TRAIN/SPEED_WISE/48/dxx/dxx_017_mask.jpg
/home/vikas/Documents/Final_Dance/TRAIN/SPEED_WISE/131/imi/imi_074.jpg,131,imi,/home/vikas/Documents/Final_Dance/TRAIN/SPEED_WISE/131/imi/imi_074_mask.jpg
/home/vikas/Documents/Final_Dance/TRAIN/SPEED_WISE/116/ojw/ojw_102.jpg,116,ojw,/home/vikas/Documents/Final_Dance/TRAIN/SPEED_WISE/116/ojw/ojw_102_mask.jpg
/home/vikas/Documents/Final_Dance/TRAIN/SPEED_WISE/173/bcf/bcf_026.jpg,173,bcf,/home/vikas/Documents/Final_Dance/TRAIN/SPEED_WISE/173/bcf/bcf_026_mask.jpg
/home/vikas/Documents/Final_Dance/TRAIN/SPEED_WISE/151/xgr/xgr_012.jpg,151,xgr,/home/vikas/Documents/Final_Dance/TRAIN/SPEED_WISE/151/xgr/xgr_012_mask.jpg
/home/vikas/Documents/Final_Dance/TRAIN/SPEED_WISE/27/zzp/zzp_004.jpg,27,zzp,/home/vikas/Documents/Final_Dance/TRAIN/SPEED_WISE/27/zzp/zzp_004_mask.jpg
/home/vikas/Documents/Final_Dance/TRAIN/SPEED_WISE/136/gux/gux_087.jpg,136,gux,/home/vikas/Documents/Final_Dance/TRAIN/SPEED_WISE/136/gux/gux_087_mask.jpg
/home/vikas/Documents/Final_Dance/TRAIN/SPEED_WISE/108/tmv/tmv_152.jpg,108,tmv,/home/vikas/Documents/Final_Dance/TRAIN/SPEED_WISE/108/tmv/tmv_152_mask.jpg
/home/vikas/Documents/Final_Dance/TRAIN/SPEED_WISE/123/fmv/fmv_032.jpg,123,fmv,/home/vikas/Documents/Final_Dance/TRAIN/SPEED_WISE/123/fmv/fmv_032_mask.jpg
/home/vikas/Documents/Final_Dance/TRAIN/SPEED_WISE/163/bcf/bcf_023.jpg,163,bcf,/home/vikas/Documents/Final_Dance/TRAIN/SPEED_WISE/163/bcf/bcf_023_mask.jpg
/home/vikas/Documents/Final_Dance/TRAIN/SPEED_WISE/155/tmv/tmv_107.jpg,155,tmv,/home/vikas/Documents/Final_Dance/TRAIN/SPEED_WISE/155/tmv/tmv_107_mask.jpg
/home/vikas/Documents/Final_Dance/TRAIN/SPEED_WISE/34/rbe/rbe_095.jpg,34,rbe,/home/vikas/Documents/Final_Dance/TRAIN/SPEED_WISE/34/rbe/rbe_095_mask.jpg
/home/vikas/Documents/Final_Dance/TRAIN/SPEED_WISE/139/eck/eck_159.jpg,139,eck,/home/vikas/Documents/Final_Dance/TRAIN/SPEED_WISE/139/eck/eck_159_mask.jpg
/home/vikas/Documents/Final_Dance/TRAIN/SPEED_WISE/99/fuv/fuv_153.jpg,99,fuv,/home/vikas/Documents/Final_Dance/TRAIN/SPEED_WISE/99/fuv/fuv_153_mask.jpg
/home/vikas/Documents/Final_Dance/TRAIN/SPEED_WISE/30/akq/akq_000.jpg,30,akq,/home/vikas/Documents/Final_Dance/TRAIN/SPEED_WISE/30/akq/akq_000_mask.jpg
/home/vikas/Documents/Final_Dance/TRAIN/SPEED_WISE/64/pug/pug_107.jpg,64,pug,/home/vikas/Documents/Final_Dance/TRAIN/SPEED_WISE/64/pug/pug_107_mask.jpg
/home/vikas/Documents/Final_Dance/TRAIN/SPEED_WISE/135/ike/ike_129.jpg,135,ike,/home/vikas/Documents/Final_Dance/TRAIN/SPEED_WISE/135/ike/ike_129_mask.jpg
/home/vikas/Documents/Final_Dance/TRAIN/SPEED_WISE/113/zvv/zvv_049.jpg,113,zvv,/home/vikas/Documents/Final_Dance/TRAIN/SPEED_WISE/113/zvv/zvv_049_mask.jpg
/home/vikas/Documents/Final_Dance/TRAIN/SPEED_WISE/106/ike/ike_074.jpg,106,ike,/home/vikas/Documents/Final_Dance/TRAIN/SPEED_WISE/106/ike/ike_074_mask.jpg
/home/vikas/Documents/Final_Dance/TRAIN/SPEED_WISE/137/tmv/tmv_112.jpg,137,tmv,/home/vikas/Documents/Final_Dance/TRAIN/SPEED_WISE/137/tmv/tmv_112_mask.jpg
/home/vikas/Documents/Final_Dance/TRAIN/SPEED_WISE/185/bcf/bcf_039.jpg,185,bcf,/home/vikas/Documents/Final_Dance/TRAIN/SPEED_WISE/185/bcf/bcf_039_mask.jpg
/home/vikas/Documents/Final_Dance/TRAIN/SPEED_WISE/120/bcf/bcf_058.jpg,120,bcf,/home/vikas/Documents/Final_Dance/TRAIN/SPEED_WISE/120/bcf/bcf_058_mask.jpg
/home/vikas/Documents/Final_Dance/TRAIN/SPEED_WISE/23/fcr/fcr_621.jpg,23,fcr,/home/vikas/Documents/Final_Dance/TRAIN/SPEED_WISE/23/fcr/fcr_621_mask.jpg
/home/vikas/Documents/Final_Dance/TRAIN/SPEED_WISE/73/psz/psz_058.jpg,73,psz,/home/vikas/Documents/Final_Dance/TRAIN/SPEED_WISE/73/psz/psz_058_mask.jpg
/home/vikas/Documents/Final_Dance/TRAIN/SPEED_WISE/98/qki/qki_222.jpg,98,qki,/home/vikas/Documents/Final_Dance/TRAIN/SPEED_WISE/98/qki/qki_222_mask.jpg
/home/vikas/Documents/Final_Dance/TRAIN/SPEED_WISE/43/ylm/ylm_040.jpg,43,ylm,/home/vikas/Documents/Final_Dance/TRAIN/SPEED_WISE/43/ylm/ylm_040_mask.jpg
/home/vikas/Documents/Final_Dance/TRAIN/SPEED_WISE/75/grt/grt_022.jpg,75,grt,/home/vikas/Documents/Final_Dance/TRAIN/SPEED_WISE/75/grt/grt_022_mask.jpg
/home/vikas/Documents/Final_Dance/TRAIN/SPEED_WISE/145/eck/eck_139.jpg,145,eck,/home/vikas/Documents/Final_Dance/TRAIN/SPEED_WISE/145/eck/eck_139_mask.jpg
/home/vikas/Documents/Final_Dance/TRAIN/SPEED_WISE/132/psz/psz_096.jpg,132,psz,/home/vikas/Documents/Final_Dance/TRAIN/SPEED_WISE/132/psz/psz_096_mask.jpg
/home/vikas/Documents/Final_Dance/TRAIN/SPEED_WISE/168/bcf/bcf_024.jpg,168,bcf,/home/vikas/Documents/Final_Dance/TRAIN/SPEED_WISE/168/bcf/bcf_024_mask.jpg
/home/vikas/Documents/Final_Dance/TRAIN/SPEED_WISE/18/ptk/ptk_220.jpg,18,ptk,/home/vikas/Documents/Final_Dance/TRAIN/SPEED_WISE/18/ptk/ptk_220_mask.jpg
/home/vikas/Documents/Final_Dance/TRAIN/SPEED_WISE/154/xgr/xgr_027.jpg,154,xgr,/home/vikas/Documents/Final_Dance/TRAIN/SPEED_WISE/154/xgr/xgr_027_mask.jpg
/home/vikas/Documents/Final_Dance/TRAIN/SPEED_WISE/32/atz/atz_034.jpg,32,atz,/home/vikas/Documents/Final_Dance/TRAIN/SPEED_WISE/32/atz/atz_034_mask.jpg
/home/vikas/Documents/Final_Dance/TRAIN/SPEED_WISE/37/qim/qim_073.jpg,37,qim,/home/vikas/Documents/Final_Dance/TRAIN/SPEED_WISE/37/qim/qim_073_mask.jpg
/home/vikas/Documents/Final_Dance/TRAIN/SPEED_WISE/94/imi/imi_152.jpg,94,imi,/home/vikas/Documents/Final_Dance/TRAIN/SPEED_WISE/94/imi/imi_152_mask.jpg
/home/vikas/Documents/Final_Dance/TRAIN/SPEED_WISE/36/xjo/xjo_440.jpg,36,xjo,/home/vikas/Documents/Final_Dance/TRAIN/SPEED_WISE/36/xjo/xjo_440_mask.jpg
/home/vikas/Documents/Final_Dance/TRAIN/SPEED_WISE/58/ffk/ffk_105.jpg,58,ffk,/home/vikas/Documents/Final_Dance/TRAIN/SPEED_WISE/58/ffk/ffk_105_mask.jpg
/home/vikas/Documents/Final_Dance/TRAIN/SPEED_WISE/25/eem/eem_034.jpg,25,eem,/home/vikas/Documents/Final_Dance/TRAIN/SPEED_WISE/25/eem/eem_034_mask.jpg
/home/vikas/Documents/Final_Dance/TRAIN/SPEED_WISE/52/fna/fna_353.jpg,52,fna,/home/vikas/Documents/Final_Dance/TRAIN/SPEED_WISE/52/fna/fna_353_mask.jpg
/home/vikas/Documents/Final_Dance/TRAIN/SPEED_WISE/127/fmv/fmv_034.jpg,127,fmv,/home/vikas/Documents/Final_Dance/TRAIN/SPEED_WISE/127/fmv/fmv_034_mask.jpg
